Timestamp,ElapsedSeconds,CpuPercent,WorkingSetBytes,PrivateMemoryBytes,HandleCount,ThreadCount
2026-08-16T17:24:01.3839783+09:00,60.015,0.438260,151040000,76324864,811,29
2026-08-16T17:25:01.3835293+09:00,120.014,0.097657,148660224,72458240,810,28
2026-08-16T17:26:01.3836489+09:00,180.014,0.108507,147746816,72134656,787,20
2026-08-16T17:27:01.3750085+09:00,240.006,0.340761,147591168,72851456,776,18
2026-08-16T17:28:01.3831087+09:00,300.014,0.203966,147574784,72761344,774,16
2026-08-16T17:29:01.3816479+09:00,360.012,0.243061,147582976,72761344,774,16
2026-08-16T17:30:01.3829526+09:00,420.014,0.256071,147660800,72896512,782,19
2026-08-16T17:31:01.3786493+09:00,480.009,0.201837,147660800,72896512,782,19
2026-08-16T17:32:01.3700278+09:00,540.001,0.206193,147599360,72761344,774,16
2026-08-16T17:33:01.3766110+09:00,600.007,0.210480,147677184,72880128,780,18
2026-08-16T17:34:01.3755974+09:00,660.006,0.253911,147664896,72839168,777,17
2026-08-16T17:35:01.3706133+09:00,720.001,0.423212,147611648,72761344,772,16
2026-08-16T17:36:01.3748358+09:00,780.006,0.175769,147611648,72761344,772,16
2026-08-16T17:37:01.3723804+09:00,840.003,0.301662,147611648,72761344,772,16
2026-08-16T17:38:01.3787798+09:00,900.010,0.160573,147673088,72753152,772,16
2026-08-16T17:39:01.3703842+09:00,960.001,0.204022,125108224,72761344,772,16
2026-08-16T17:40:01.3797840+09:00,1020.011,0.121509,125108224,72761344,772,16
2026-08-16T17:41:01.3805171+09:00,1080.011,0.297305,125108224,72761344,772,16
2026-08-16T17:42:01.3832066+09:00,1140.014,0.210494,125005824,72761344,772,16
2026-08-16T17:43:01.3823111+09:00,1200.013,0.199656,125067264,72761344,772,16
2026-08-16T17:44:01.3793170+09:00,1260.010,0.190982,123146240,72761344,772,16
2026-08-16T17:45:01.3793434+09:00,1320.010,0.288628,123502592,72736768,770,16
2026-08-16T17:46:01.3707154+09:00,1380.002,0.149761,123527168,72736768,770,16
2026-08-16T17:47:01.3755198+09:00,1440.006,0.169257,123527168,72736768,770,16
2026-08-16T17:48:01.3839236+09:00,1500.015,0.195285,123531264,72736768,770,16
2026-08-16T17:49:01.3839692+09:00,1560.015,0.540364,123412480,72736768,770,16
2026-08-16T17:50:01.3839230+09:00,1620.015,0.199653,123412480,72736768,770,16
2026-08-16T17:51:01.3728817+09:00,1680.004,0.258294,123412480,72736768,770,16
2026-08-16T17:52:01.3818571+09:00,1740.013,0.197453,123412480,72736768,770,16
2026-08-16T17:53:01.3729705+09:00,1800.004,0.221387,123506688,72728576,770,16
2026-08-16T17:54:01.3741272+09:00,1860.005,0.193139,123596800,72736768,770,16
2026-08-16T17:55:01.3777737+09:00,1920.009,0.182281,123596800,72736768,770,16
2026-08-16T17:56:01.3749187+09:00,1980.006,0.212684,123596800,72736768,770,16
2026-08-16T17:57:01.3717454+09:00,2040.003,0.210515,123621376,72736768,770,16
2026-08-16T17:58:01.3845503+09:00,2100.015,0.253852,124313600,72736768,681,16
2026-08-16T17:59:01.3745956+09:00,2160.005,0.312552,124362752,72785920,684,17
2026-08-16T18:00:01.3732900+09:00,2220.004,0.197487,124334080,72736768,681,16
2026-08-16T18:01:01.3838965+09:00,2280.015,0.232164,124362752,72736768,681,16
2026-08-16T18:02:01.3791637+09:00,2340.010,0.145411,124362752,72736768,681,16
2026-08-16T18:03:01.3840507+09:00,2400.015,0.303795,124362752,72736768,681,16
2026-08-16T18:04:01.3718163+09:00,2460.003,0.312564,124362752,72736768,681,16
2026-08-16T18:05:01.3725092+09:00,2520.003,0.308156,124362752,72736768,681,16
2026-08-16T18:06:01.3739772+09:00,2580.005,0.188797,124383232,72736768,681,16
2026-08-16T18:07:01.3805323+09:00,2640.011,0.234349,125870080,72327168,681,16
2026-08-16T18:08:01.3806530+09:00,2700.011,0.355902,125886464,72339456,681,16
2026-08-16T18:09:01.3767282+09:00,2760.008,0.204006,125886464,72347648,681,16
2026-08-16T18:10:01.3787262+09:00,2820.010,0.193136,125886464,72347648,681,16
2026-08-16T18:11:01.3703987+09:00,2880.001,0.329907,125894656,72347648,681,16
2026-08-16T18:12:01.3729207+09:00,2940.004,0.188794,125894656,72347648,681,16
2026-08-16T18:13:01.3824772+09:00,3000.013,0.221319,125894656,72347648,681,16
2026-08-16T18:14:01.3738136+09:00,3060.005,0.403704,125943808,72437760,687,18
2026-08-16T18:15:01.3845384+09:00,3120.015,0.216975,125898752,72343552,681,16
2026-08-16T18:16:01.3845240+09:00,3180.015,0.390625,125898752,72343552,681,16
2026-08-16T18:17:01.3816379+09:00,3240.012,0.269110,125898752,72343552,681,16
2026-08-16T18:18:01.3710534+09:00,3300.002,0.410229,125898752,72343552,681,16
2026-08-16T18:19:01.3844602+09:00,3360.015,0.216965,125898752,72343552,681,16
2026-08-16T18:20:01.3703956+09:00,3420.001,0.277843,125898752,72343552,681,16
2026-08-16T18:21:01.3797439+09:00,3480.011,0.141037,125984768,72032256,681,16
2026-08-16T18:22:01.3742608+09:00,3540.005,0.319040,126021632,72347648,681,16
2026-08-16T18:23:01.3834948+09:00,3600.014,0.236509,125997056,72065024,681,16
2026-08-16T18:24:01.3847683+09:00,3660.016,0.217009,126017536,72065024,681,16
2026-08-16T18:25:01.3781223+09:00,3720.009,0.386328,126005248,72052736,681,16
2026-08-16T18:26:01.3736202+09:00,3780.004,0.136729,125992960,72323072,681,16
2026-08-16T18:27:01.3818000+09:00,3840.013,0.208305,126058496,72359936,681,16
2026-08-16T18:28:01.3731844+09:00,3900.004,0.236579,126042112,72335360,681,16
2026-08-16T18:29:01.3793892+09:00,3960.010,0.460022,126087168,72359936,681,16
2026-08-16T18:30:01.3728922+09:00,4020.004,0.236571,126087168,72359936,681,16
2026-08-16T18:31:01.3705976+09:00,4080.001,0.164937,126087168,72359936,681,16
2026-08-16T18:32:01.3816088+09:00,4140.012,0.321122,126087168,72359936,681,16
2026-08-16T18:33:01.3810493+09:00,4200.012,0.336375,126091264,72359936,681,16
2026-08-16T18:34:01.3753655+09:00,4260.006,0.238738,126070784,72355840,681,16
2026-08-16T18:35:01.3826117+09:00,4320.013,0.277744,126111744,72359936,681,16
2026-08-16T18:36:01.3797505+09:00,4380.011,0.223535,126111744,72359936,682,16
2026-08-16T18:37:01.3804191+09:00,4440.011,0.353729,126111744,72359936,682,16
2026-08-16T18:38:01.3816055+09:00,4500.012,0.394957,126111744,72359936,682,16
2026-08-16T18:39:01.3832301+09:00,4560.014,0.195307,122589184,72372224,682,16
2026-08-16T18:40:01.3749160+09:00,4620.006,0.546951,122626048,72400896,682,16
2026-08-16T18:41:01.3710641+09:00,4680.002,0.253923,122572800,72400896,682,16
2026-08-16T18:42:01.3721952+09:00,4740.003,0.479592,122601472,72400896,682,16
2026-08-16T18:43:01.3829897+09:00,4800.014,0.475175,122650624,72425472,682,16
2026-08-16T18:44:01.3778708+09:00,4860.009,0.197499,122597376,72118272,682,16
2026-08-16T18:45:01.3718960+09:00,4920.003,0.275635,122634240,72425472,682,16
2026-08-16T18:46:01.3739670+09:00,4980.005,0.101993,122675200,72425472,682,16
2026-08-16T18:47:01.3840628+09:00,5040.015,0.264712,122667008,72425472,682,16
2026-08-16T18:48:01.3798495+09:00,5100.011,0.292989,122712064,72425472,682,16
2026-08-16T18:49:01.3731743+09:00,5160.004,0.164949,122732544,72470528,685,17
2026-08-16T18:50:01.3791264+09:00,5220.010,0.210483,122859520,72429568,682,16
2026-08-16T18:51:01.3814098+09:00,5280.012,0.399290,122867712,72429568,682,16
2026-08-16T18:52:01.3745321+09:00,5340.005,0.349432,122867712,72429568,682,16
2026-08-16T18:53:01.3747024+09:00,5400.006,0.225694,122925056,72429568,682,16
2026-08-16T18:54:01.3752929+09:00,5460.006,0.243053,122925056,72192000,685,17
2026-08-16T18:55:01.3720482+09:00,5520.003,0.125875,130957312,75005952,682,18
2026-08-16T18:56:01.3838152+09:00,5580.015,0.375360,130965504,75014144,682,18
2026-08-16T18:57:01.3847426+09:00,5640.016,0.345047,130916352,74915840,682,16
2026-08-16T18:58:01.3774978+09:00,5700.008,0.277811,130887680,74596352,682,16
2026-08-16T18:59:01.3798083+09:00,5760.011,0.134543,130916352,74915840,682,16
2026-08-16T19:00:01.3739175+09:00,5820.005,0.123710,130916352,74915840,682,16
2026-08-16T19:01:01.3766181+09:00,5880.007,0.451369,130916352,74915840,682,16
2026-08-16T19:02:01.3740235+09:00,5940.005,0.247407,130916352,74915840,682,16
2026-08-16T19:03:01.3797850+09:00,6000.011,0.453515,130924544,74915840,682,16
2026-08-16T19:04:01.3709889+09:00,6060.002,0.145421,130928640,74915840,682,16
2026-08-16T19:05:01.3792233+09:00,6120.010,0.225663,130928640,74915840,682,16
2026-08-16T19:06:01.3802270+09:00,6180.011,0.392789,130891776,74915840,682,16
2026-08-16T19:07:01.3841503+09:00,6240.015,0.217000,130908160,74915840,682,16
2026-08-16T19:08:01.3734208+09:00,6300.004,0.227905,130916352,74915840,682,16
2026-08-16T19:09:01.3737142+09:00,6360.005,0.243054,130916352,74915840,682,16
2026-08-16T19:10:01.3803285+09:00,6420.011,0.331995,130899968,74887168,682,16
2026-08-16T19:11:01.3712356+09:00,6480.002,0.214876,131350528,75509760,686,18
2026-08-16T19:12:01.3753540+09:00,6540.006,0.473058,131305472,75415552,684,16
2026-08-16T19:13:01.3798676+09:00,6600.011,0.269077,131305472,75419648,684,16
2026-08-16T19:14:01.3800704+09:00,6660.011,0.295138,131321856,75448320,684,16
2026-08-16T19:15:01.3795206+09:00,6720.010,0.282121,131325952,75452416,684,16
2026-08-16T19:16:01.3792857+09:00,6780.010,0.401477,131325952,75452416,684,16
2026-08-16T19:17:01.3839160+09:00,6840.015,0.683541,131325952,75452416,684,16
2026-08-16T19:18:01.3714300+09:00,6900.002,0.184500,131330048,75452416,684,16
2026-08-16T19:19:01.3762513+09:00,6960.007,0.332005,131330048,75452416,684,16
2026-08-16T19:20:01.3807380+09:00,7020.012,0.295117,131330048,75452416,684,16
2026-08-16T19:21:01.3704623+09:00,7080.001,0.208369,131342336,75452416,684,16
2026-08-16T19:22:01.3829674+09:00,7140.014,0.288568,131342336,75452416,684,16
2026-08-16T19:23:01.3839535+09:00,7200.015,0.351557,131342336,75452416,684,16
2026-08-16T19:24:01.3745034+09:00,7260.005,0.342936,131399680,75571200,682,16
2026-08-16T19:25:01.3835143+09:00,7320.014,0.256038,131477504,75603968,685,17
2026-08-16T19:26:01.3817545+09:00,7380.013,0.486125,131379200,74256384,684,18
2026-08-16T19:27:01.3828320+09:00,7440.014,0.438360,131338240,74186752,682,16
2026-08-16T19:28:01.3758752+09:00,7500.007,0.360285,131371008,74186752,682,16
2026-08-16T19:29:01.3748055+09:00,7560.006,0.355909,131403776,74244096,682,16
2026-08-16T19:30:01.3830793+09:00,7620.014,0.479535,131403776,74244096,682,16
2026-08-16T19:31:01.3721783+09:00,7680.003,0.384184,131403776,74248192,682,16
2026-08-16T19:32:01.3738017+09:00,7740.005,0.219178,131403776,74248192,682,16
2026-08-16T19:33:01.3733062+09:00,7800.004,0.088976,131403776,74248192,682,16
2026-08-16T19:34:01.3726957+09:00,7860.004,0.345056,131403776,74248192,682,16
2026-08-16T19:35:01.3743940+09:00,7920.005,0.128035,131371008,74174464,677,15
2026-08-16T19:36:01.3851972+09:00,7980.016,0.451308,131371008,74174464,677,15
2026-08-16T19:37:01.3825340+09:00,8040.013,0.327706,131432448,74260480,680,16
2026-08-16T19:38:01.3835979+09:00,8100.014,0.392788,131145728,73961472,684,18
2026-08-16T19:39:01.3717521+09:00,8160.003,0.427602,131088384,73588736,684,18
2026-08-16T19:40:01.3710346+09:00,8220.002,0.130210,131182592,73617408,680,16
2026-08-16T19:41:01.3843312+09:00,8280.015,0.184421,131182592,73625600,680,16
2026-08-16T19:42:01.3800882+09:00,8340.011,0.325544,131129344,73547776,677,15
2026-08-16T19:43:01.3821667+09:00,8400.013,0.312489,131198976,73625600,680,16
2026-08-16T19:44:01.3730860+09:00,8460.004,0.225729,131256320,73687040,680,16
2026-08-16T19:45:01.3841409+09:00,8520.015,0.171409,131272704,73687040,680,16
2026-08-16T19:46:01.3777318+09:00,8580.009,0.377645,131219456,73609216,677,15
2026-08-16T19:47:01.3715431+09:00,8640.002,0.640257,131219456,73609216,677,15
2026-08-16T19:48:01.3828111+09:00,8700.014,0.212634,131219456,73609216,677,15
2026-08-16T19:49:01.3708654+09:00,8760.002,0.332097,131985408,74297344,685,19
2026-08-16T19:50:01.3712189+09:00,8820.002,0.238714,131940352,74231808,680,18
2026-08-16T19:51:01.3740075+09:00,8880.005,0.221344,131858432,74133504,678,16
2026-08-16T19:52:01.3792666+09:00,8940.010,0.258224,133681152,74506240,682,16
2026-08-16T19:53:01.3743102+09:00,9000.005,0.292993,133709824,74559488,685,17
2026-08-16T19:54:01.3738482+09:00,9060.005,0.290801,131313664,74518528,682,16
2026-08-16T19:55:01.3808739+09:00,9120.012,0.316803,131321856,74510336,682,16
2026-08-16T19:56:01.3720806+09:00,9180.003,0.169296,130387968,73592832,682,16
2026-08-16T19:57:01.3803224+09:00,9240.011,0.193116,130387968,73592832,682,16
2026-08-16T19:58:01.3833774+09:00,9300.014,0.221343,130392064,73592832,682,16
2026-08-16T19:59:01.3845311+09:00,9360.015,0.347216,130392064,73592832,682,16
2026-08-16T20:00:01.3732993+09:00,9420.004,0.293024,130379776,73326592,682,16
2026-08-16T20:01:01.3785033+09:00,9480.009,0.247374,130330624,73252864,677,15
2026-08-16T20:02:01.3785951+09:00,9540.009,0.427517,130383872,73326592,680,16
2026-08-16T20:03:01.3838051+09:00,9600.015,0.373231,130408448,73596928,680,16
2026-08-16T20:04:01.3737797+09:00,9660.005,0.227903,130207744,73592832,678,16
2026-08-16T20:05:01.3732747+09:00,9720.004,0.225696,130207744,73592832,678,16
2026-08-16T20:06:01.3776681+09:00,9780.008,0.325497,132747264,75599872,678,18
2026-08-16T20:07:01.3802072+09:00,9840.011,0.238705,132747264,75599872,680,18
2026-08-16T20:08:01.3746930+09:00,9900.006,0.171457,132689920,75763712,678,16
2026-08-16T20:09:01.3807108+09:00,9960.012,0.169254,132734976,75763712,678,16
2026-08-16T20:10:01.3758709+09:00,10020.007,0.145411,132734976,75755520,678,16
2026-08-16T20:11:01.3742871+09:00,10080.005,0.570762,132734976,75763712,678,16
2026-08-16T20:12:01.3808927+09:00,10140.012,0.334165,132734976,75763712,678,16
2026-08-16T20:13:01.3808292+09:00,10200.012,0.288629,132743168,75804672,681,17
2026-08-16T20:14:01.3848162+09:00,10260.016,0.164920,132775936,75767808,678,16
2026-08-16T20:15:01.3836134+09:00,10320.014,0.134551,132775936,75550720,678,16
2026-08-16T20:16:01.3832799+09:00,10380.014,0.145400,132657152,73940992,682,18
2026-08-16T20:17:01.3809690+09:00,10440.012,0.206171,132718592,73940992,682,18
2026-08-16T20:18:01.3838689+09:00,10500.015,0.292955,132653056,73846784,680,16
2026-08-16T20:19:01.3837841+09:00,10560.015,0.184462,132648960,73699328,680,16
2026-08-16T20:20:01.3784054+09:00,10620.009,0.151923,132648960,73699328,680,16
2026-08-16T20:21:01.3847614+09:00,10680.016,0.264729,132624384,73674752,680,16
2026-08-16T20:22:01.3719859+09:00,10740.003,0.238766,132628480,73699328,680,16
2026-08-16T20:23:01.3713107+09:00,10800.002,0.212676,132644864,73682944,680,16
2026-08-16T20:24:01.3756868+09:00,10860.007,0.301627,130383872,73654272,680,16
2026-08-16T20:25:01.3832345+09:00,10920.014,0.243025,130412544,73682944,680,16
2026-08-16T20:26:01.3825200+09:00,10980.013,0.236548,131166208,73805824,682,18
2026-08-16T20:27:01.3804875+09:00,11040.011,0.303830,131215360,74076160,682,18
2026-08-16T20:28:01.3710638+09:00,11100.002,0.314720,131182592,73977856,680,16
2026-08-16T20:29:01.3746850+09:00,11160.006,0.444852,131170304,73977856,680,16
2026-08-16T20:30:01.3734308+09:00,11220.004,0.238720,131239936,74006528,678,16
2026-08-16T20:31:01.3848435+09:00,11280.016,0.334138,131235840,74006528,678,16
2026-08-16T20:32:01.3798689+09:00,11340.011,0.342910,131239936,74006528,678,16
2026-08-16T20:33:01.3770206+09:00,11400.008,0.353749,131256320,74006528,678,16
2026-08-16T20:34:01.3812800+09:00,11460.012,0.106329,131264512,74006528,678,16
2026-08-16T20:35:01.3762710+09:00,11520.007,0.386317,132427776,74698752,680,18
2026-08-16T20:36:01.3784055+09:00,11580.009,0.271258,132497408,74928128,680,18
2026-08-16T20:37:01.3849535+09:00,11640.016,0.082456,132444160,74833920,680,16
2026-08-16T20:38:01.3838347+09:00,11700.015,0.407994,132444160,74833920,680,16
2026-08-16T20:39:01.3797345+09:00,11760.011,0.173623,132448256,74833920,680,16
2026-08-16T20:40:01.3801926+09:00,11820.011,0.345049,132431872,74833920,680,16
2026-08-16T20:41:01.3809356+09:00,11880.012,0.199650,132440064,74833920,680,16
2026-08-16T20:42:01.3704139+09:00,11940.001,0.217052,132460544,74833920,680,16
2026-08-16T20:43:01.3845821+09:00,12000.015,0.340631,132444160,74833920,680,16
2026-08-16T20:44:01.3755674+09:00,12060.006,0.227899,132440064,74657792,680,16
2026-08-16T20:45:01.3735531+09:00,12120.004,0.399319,132435968,74833920,680,16
2026-08-16T20:46:01.3838652+09:00,12180.015,0.264711,132771840,74457088,682,18
2026-08-16T20:47:01.3828415+09:00,12240.014,0.203997,132800512,74489856,682,18
2026-08-16T20:48:01.3699286+09:00,12300.001,0.319079,132730880,74391552,682,16
2026-08-16T20:49:01.3829802+09:00,12360.014,0.331959,132763648,74391552,682,16
2026-08-16T20:50:01.3838427+09:00,12420.015,0.303815,132763648,74403840,682,16
2026-08-16T20:51:01.3745970+09:00,12480.005,0.405879,132775936,74514432,679,15
2026-08-16T20:52:01.3751684+09:00,12540.006,0.327688,132829184,74592256,682,16
2026-08-16T20:53:01.3778837+09:00,12600.009,0.160583,132763648,74375168,682,16
2026-08-16T20:54:01.3751249+09:00,12660.006,0.368941,130437120,74592256,682,16
2026-08-16T20:55:01.3728920+09:00,12720.004,0.108511,130392064,74391552,682,16
2026-08-16T20:56:01.3825359+09:00,12780.013,0.386223,130383872,74383360,682,16
2026-08-16T20:57:01.3838470+09:00,12840.015,0.169267,130428928,74584064,682,16
2026-08-16T20:58:01.3790239+09:00,12900.010,0.249586,130428928,74592256,682,16
2026-08-16T20:59:01.3840495+09:00,12960.015,0.212656,130428928,74592256,682,16
2026-08-16T21:00:01.3784722+09:00,13020.009,0.119369,130396160,74416128,682,16
2026-08-16T21:01:01.3779426+09:00,13080.009,0.238717,130428928,74592256,682,16
2026-08-16T21:02:01.3765201+09:00,13140.007,0.264763,130428928,74592256,682,16
2026-08-16T21:03:01.3709082+09:00,13200.002,0.130221,132038656,75313152,682,18
2026-08-16T21:04:01.3701010+09:00,13260.001,0.247399,132034560,75313152,684,18
2026-08-16T21:05:01.3755865+09:00,13320.006,0.190955,131981312,75218944,682,16
2026-08-16T21:06:01.3717453+09:00,13380.003,0.184474,131981312,75218944,682,16
2026-08-16T21:07:01.3721590+09:00,13440.003,0.258245,131973120,75218944,682,16
2026-08-16T21:08:01.3835668+09:00,13500.014,0.208294,131997696,75218944,682,16
2026-08-16T21:09:01.3741226+09:00,13560.005,0.379834,131973120,75063296,682,16
2026-08-16T21:10:01.3823192+09:00,13620.013,0.358024,131989504,75063296,682,16
2026-08-16T21:11:01.3707834+09:00,13680.002,0.112869,131985408,75231232,682,16
2026-08-16T21:12:01.3812868+09:00,13740.012,0.260371,131993600,75223040,682,16
2026-08-16T21:13:01.3799062+09:00,13800.011,0.260423,132034560,75272192,685,17
2026-08-16T21:14:01.3760071+09:00,13860.007,0.397161,132059136,75231232,680,16
2026-08-16T21:15:01.3820149+09:00,13920.013,0.386246,133070848,75583488,682,18
2026-08-16T21:16:01.3706319+09:00,13980.001,0.290854,133107712,75583488,684,18
2026-08-16T21:17:01.3746798+09:00,14040.006,0.219169,133054464,75485184,682,16
2026-08-16T21:18:01.3803812+09:00,14100.011,0.230013,133111808,75489280,678,16
2026-08-16T21:19:01.3763553+09:00,14160.007,0.507847,133107712,75530240,681,17
2026-08-16T21:20:01.3828038+09:00,14220.014,0.325486,133087232,75485184,678,16
2026-08-16T21:21:01.3701534+09:00,14280.001,0.232254,133103616,75485184,678,16
2026-08-16T21:22:01.3758097+09:00,14340.007,0.258222,133079040,75485184,678,16
2026-08-16T21:23:01.3790982+09:00,14400.010,0.221342,133091328,75485184,678,16
2026-08-16T21:24:01.3707400+09:00,14460.002,0.253942,130732032,75485184,678,16
2026-08-16T21:25:01.3778484+09:00,14520.009,0.210479,130732032,75485184,678,16
2026-08-16T21:26:01.3703385+09:00,14580.001,0.223552,130740224,75485184,678,16
2026-08-16T21:27:01.3777616+09:00,14640.009,0.173590,131534848,75427840,680,18
2026-08-16T21:28:01.3797441+09:00,14700.011,0.386272,131534848,75436032,680,18
2026-08-16T21:29:01.3713760+09:00,14760.002,0.290839,131493888,75333632,678,16
2026-08-16T21:30:01.3845339+09:00,14820.015,0.282056,131461120,75190272,678,16
2026-08-16T21:31:01.3792710+09:00,14880.010,0.208352,131477504,75190272,678,16
2026-08-16T21:32:01.3822451+09:00,14940.013,0.247384,131477504,75333632,678,16
2026-08-16T21:33:01.3801170+09:00,15000.011,0.240894,131440640,75177984,678,16
2026-08-16T21:34:01.3804899+09:00,15060.011,0.119357,131465216,75177984,678,16
2026-08-16T21:35:01.3743605+09:00,15120.005,0.258273,131477504,75333632,678,16
2026-08-16T21:36:01.3734488+09:00,15180.004,0.214847,131477504,75210752,678,16
2026-08-16T21:37:01.3798786+09:00,15240.011,0.284258,131469312,75345920,678,16
2026-08-16T21:38:01.3821011+09:00,15300.013,0.171435,131506176,75345920,678,16
2026-08-16T21:39:01.3768528+09:00,15360.008,0.188819,131506176,75345920,678,16
2026-08-16T21:40:01.3798203+09:00,15420.011,0.256064,131629056,75042816,682,18
2026-08-16T21:41:01.3740771+09:00,15480.005,0.253931,131575808,74944512,680,16
2026-08-16T21:42:01.3796008+09:00,15540.010,0.325491,131596288,74936320,680,16
2026-08-16T21:43:01.3818909+09:00,15600.013,0.212665,131633152,75157504,678,16
2026-08-16T21:44:01.3740838+09:00,15660.005,0.295177,131670016,75169792,678,16
2026-08-16T21:45:01.3828083+09:00,15720.014,0.106321,131670016,75169792,678,16
2026-08-16T21:46:01.3747129+09:00,15780.006,0.453620,131633152,75055104,678,16
2026-08-16T21:47:01.3833452+09:00,15840.014,0.104152,131624960,75177984,678,16
2026-08-16T21:48:01.3817139+09:00,15900.013,0.288636,131633152,75173888,678,16
2026-08-16T21:49:01.3720589+09:00,15960.003,0.375494,131702784,75120640,681,17
2026-08-16T21:50:01.3773496+09:00,16020.008,0.199635,131735552,75259904,681,17
2026-08-16T21:51:01.3828300+09:00,16080.014,0.614093,131690496,75198464,678,16
2026-08-16T21:52:01.3787364+09:00,16140.010,0.223540,131903488,75894784,682,18
2026-08-16T21:53:01.3806808+09:00,16200.012,0.533837,131993600,76013568,682,18
2026-08-16T21:54:01.3813063+09:00,16260.012,0.338538,131973120,75919360,680,16
2026-08-16T21:55:01.3757063+09:00,16320.007,0.221375,130109440,75829248,680,16
2026-08-16T21:56:01.3727490+09:00,16380.004,0.306005,130162688,75943936,678,16
2026-08-16T21:57:01.3714287+09:00,16440.002,0.147573,130162688,75935744,678,16
2026-08-16T21:58:01.3751115+09:00,16500.006,0.308141,130162688,75943936,678,16
2026-08-16T21:59:01.3712427+09:00,16560.002,0.234390,130134016,75833344,678,16
2026-08-16T22:00:01.3845755+09:00,16620.015,0.368842,130215936,75907072,681,17
2026-08-16T22:01:01.3777484+09:00,16680.009,0.171460,130248704,76017664,681,17
2026-08-16T22:02:01.3734393+09:00,16740.004,0.342907,130179072,75837440,678,16
2026-08-16T22:03:01.3818060+09:00,16800.013,0.290758,130183168,75939840,678,16
2026-08-16T22:04:01.3740752+09:00,16860.005,0.188826,130220032,75939840,678,16
2026-08-16T22:05:01.3795198+09:00,16920.010,0.097647,130183168,75857920,678,16
2026-08-16T22:06:01.3780845+09:00,16980.009,0.138892,130179072,75939840,678,16
2026-08-16T22:07:01.3816941+09:00,17040.013,0.318991,130228224,75939840,678,16
2026-08-16T22:08:01.3799628+09:00,17100.011,0.201829,130215936,75939840,678,16
2026-08-16T22:09:01.3759916+09:00,17160.007,0.371118,130203648,75874304,678,16
2026-08-16T22:10:01.3718058+09:00,17220.003,0.251754,130924544,74522624,680,18
2026-08-16T22:11:01.3797128+09:00,17280.011,0.227835,130940928,74526720,680,18
2026-08-16T22:12:01.3781093+09:00,17340.009,0.141063,130899968,74452992,680,16
2026-08-16T22:13:01.3846057+09:00,17400.015,0.282088,130899968,74452992,680,16
2026-08-16T22:14:01.3760148+09:00,17460.007,0.373317,130854912,74371072,680,16
2026-08-16T22:15:01.3812643+09:00,17520.012,0.262564,130899968,74452992,680,16
2026-08-16T22:16:01.3759422+09:00,17580.007,0.310357,130904064,74452992,680,16
2026-08-16T22:17:01.3711317+09:00,17640.002,0.102005,130940928,74498048,683,17
2026-08-16T22:18:01.3778959+09:00,17700.009,0.275577,130961408,74457088,678,16
2026-08-16T22:19:01.3787096+09:00,17760.010,0.158418,130953216,74457088,678,16
2026-08-16T22:20:01.3729988+09:00,17820.004,0.227886,130932736,74457088,678,16
2026-08-16T22:21:01.3769522+09:00,17880.008,0.243040,131891200,74928128,680,18
2026-08-16T22:22:01.3706317+09:00,17940.001,0.184481,131891200,74928128,680,18
2026-08-16T22:23:01.3838426+09:00,18000.015,0.190930,131878912,74887168,681,17
2026-08-16T22:24:01.3735345+09:00,18060.004,0.188835,131829760,74788864,678,16
2026-08-16T22:25:01.3772250+09:00,18120.008,0.247381,131846144,74833920,678,16
2026-08-16T22:26:01.3792937+09:00,18180.010,0.323340,131846144,74833920,678,16
2026-08-16T22:27:01.3791452+09:00,18240.010,0.227865,131833856,74874880,681,17
2026-08-16T22:28:01.3764061+09:00,18300.007,0.271280,131821568,74829824,678,16
2026-08-16T22:29:01.3714536+09:00,18360.002,0.201840,131809280,74833920,676,16
2026-08-16T22:30:01.3790225+09:00,18420.010,0.494729,129572864,74833920,676,16
2026-08-16T22:31:01.3725776+09:00,18480.003,0.243082,129589248,74833920,676,16
2026-08-16T22:32:01.3841931+09:00,18540.015,0.253857,130113536,74977280,680,18
2026-08-16T22:33:01.3762802+09:00,18600.007,0.177975,130129920,75042816,680,18
2026-08-16T22:34:01.3755757+09:00,18660.006,0.305993,130113536,74969088,678,16
2026-08-16T22:35:01.3729767+09:00,18720.004,0.095490,130113536,74969088,678,16
2026-08-16T22:36:01.3701509+09:00,18780.001,0.349409,130121728,74969088,678,16
2026-08-16T22:37:01.3841253+09:00,18840.015,0.264695,130060288,74866688,678,16
2026-08-16T22:38:01.3842032+09:00,18900.015,0.299479,130060288,74940416,678,16
2026-08-16T22:39:01.3815085+09:00,18960.012,0.423196,130113536,74981376,678,16
2026-08-16T22:40:01.3710798+09:00,19020.002,0.169300,130129920,74981376,678,16
2026-08-16T22:41:01.3775861+09:00,19080.008,0.106325,130129920,74981376,678,16
2026-08-16T22:42:01.3764619+09:00,19140.007,0.269102,130478080,75325440,678,18
2026-08-16T22:43:01.3752613+09:00,19200.006,0.110679,130371584,75206656,678,16
2026-08-16T22:44:01.3708677+09:00,19260.002,0.332056,130404352,75223040,678,16
2026-08-16T22:45:01.3717520+09:00,19320.003,0.136717,130412544,75231232,678,16
2026-08-16T22:46:01.3734412+09:00,19380.004,0.164926,130383872,75231232,678,16
2026-08-16T22:47:01.3820741+09:00,19440.013,0.507739,130387968,75231232,678,16
2026-08-16T22:48:01.3704186+09:00,19500.001,0.410236,130420736,75231232,678,16
2026-08-16T22:49:01.3739925+09:00,19560.005,0.314651,130416640,75231232,678,16
2026-08-16T22:50:01.3717309+09:00,19620.003,0.206171,130416640,75231232,678,16
2026-08-16T22:51:01.3742575+09:00,19680.005,0.123693,131211264,75571200,682,18
2026-08-16T22:52:01.3747622+09:00,19740.006,0.414493,131182592,75476992,682,18
2026-08-16T22:53:01.3725650+09:00,19800.003,0.227873,131170304,75419648,680,16
2026-08-16T22:54:01.3729877+09:00,19860.004,0.210502,131166208,75411456,680,16
2026-08-16T22:55:01.3767587+09:00,19920.008,0.227850,131174400,75431936,680,16
2026-08-16T22:56:01.3712640+09:00,19980.002,0.334232,131203072,75493376,680,16
2026-08-16T22:57:01.3796417+09:00,20040.010,0.423118,131203072,75464704,680,16
2026-08-16T22:58:01.3778274+09:00,20100.009,0.230042,131223552,75493376,680,16
2026-08-16T22:59:01.3816844+09:00,20160.013,0.410130,131170304,75431936,680,16
2026-08-16T23:00:01.3829636+09:00,20220.014,0.438359,129093632,75513856,680,16
2026-08-16T23:01:01.3707834+09:00,20280.002,0.132405,129110016,75513856,680,16
2026-08-16T23:02:01.3815481+09:00,20340.012,0.266879,129110016,75513856,680,16
2026-08-16T23:03:01.3702195+09:00,20400.001,0.193179,129044480,75472896,680,16
2026-08-16T23:04:01.3822403+09:00,20460.013,0.243007,130334720,74817536,684,18
2026-08-16T23:05:01.3777068+09:00,20520.009,0.236563,129794048,74719232,682,16
2026-08-16T23:06:01.3832481+09:00,20580.014,0.247373,129773568,74641408,682,16
2026-08-16T23:07:01.3705968+09:00,20640.001,0.104189,129814528,74727424,682,16
2026-08-16T23:08:01.3722608+09:00,20700.003,0.210498,129789952,74653696,682,16
2026-08-16T23:09:01.3709413+09:00,20760.002,0.438378,129789952,74727424,682,16
2026-08-16T23:10:01.3833062+09:00,20820.014,0.160557,129814528,74739712,682,16
2026-08-16T23:11:01.3770845+09:00,20880.008,0.277807,129818624,74739712,682,16
2026-08-16T23:12:01.3724539+09:00,20940.003,0.240904,130281472,74723328,684,18
2026-08-16T23:13:01.3823352+09:00,21000.013,0.227827,130310144,74715136,684,18
2026-08-16T23:14:01.3822582+09:00,21060.013,0.234375,130306048,74698752,682,16
2026-08-16T23:15:01.3719171+09:00,21120.003,0.186664,130338816,74743808,682,16
2026-08-16T23:16:01.3758338+09:00,21180.007,0.240870,130338816,74743808,682,16
2026-08-16T23:17:01.3842095+09:00,21240.015,0.175757,130293760,74743808,682,16
2026-08-16T23:18:01.3784217+09:00,21300.009,0.290827,130285568,74727424,682,16
2026-08-16T23:19:01.3849579+09:00,21360.016,0.121515,130301952,74743808,682,16
2026-08-16T23:20:01.3718349+09:00,21420.003,0.499241,131223552,74727424,684,18
2026-08-16T23:21:01.3838491+09:00,21480.015,0.290740,131227648,74989568,684,18
2026-08-16T23:22:01.3817905+09:00,21540.013,0.358085,131194880,75014144,680,16
2026-08-16T23:23:02.5235967+09:00,21601.154,0.208702,131362816,75014144,680,16
2026-08-16T23:24:02.5200080+09:00,21661.151,0.221367,131342336,74924032,680,16
2026-08-16T23:25:02.5109738+09:00,21721.142,0.401536,131338240,75014144,680,16
2026-08-16T23:26:02.5175358+09:00,21781.148,0.355864,131342336,75014144,680,16
2026-08-16T23:27:02.5181363+09:00,21841.149,0.371090,131764224,75055104,682,18
2026-08-16T23:28:02.5130797+09:00,21901.144,0.260439,131764224,75055104,682,18
2026-08-16T23:29:02.5216056+09:00,21961.152,0.134529,131682304,74948608,680,16
2026-08-16T23:30:02.5241932+09:00,22021.155,0.171434,131678208,74956800,680,16
2026-08-16T23:31:02.5147122+09:00,22081.146,0.097672,131678208,75005952,680,16
2026-08-16T23:32:02.5125475+09:00,22141.143,0.431873,131694592,75005952,680,16
2026-08-16T23:33:02.5245620+09:00,22201.155,0.141031,131682304,75010048,680,16
2026-08-16T23:34:02.5223048+09:00,22261.153,0.262597,131698688,75010048,680,16
2026-08-16T23:35:02.5115693+09:00,22321.142,0.236587,131723264,75624448,682,18
2026-08-16T23:36:02.5227733+09:00,22381.154,0.282065,131674112,75526144,680,16
2026-08-16T23:37:02.5205783+09:00,22441.151,0.310341,131674112,75526144,680,16
2026-08-16T23:38:02.5214176+09:00,22501.152,0.405810,131674112,75526144,680,16
2026-08-16T23:39:02.5218048+09:00,22561.153,0.290797,131649536,75423744,680,16
2026-08-16T23:40:02.5196259+09:00,22621.150,0.314682,131661824,75526144,680,16
2026-08-16T23:41:02.5236776+09:00,22681.155,0.501268,131649536,75431936,680,16
2026-08-16T23:42:02.5108097+09:00,22741.142,0.260473,131657728,75526144,680,16
2026-08-16T23:43:02.5252129+09:00,22801.156,0.227810,131657728,75526144,680,16
2026-08-16T23:44:02.5201614+09:00,22861.151,0.145412,131670016,75517952,680,16
2026-08-16T23:45:02.5149658+09:00,22921.146,0.256099,131674112,75526144,680,16
2026-08-16T23:46:02.5180746+09:00,22981.149,0.195302,131637248,75419648,680,16
2026-08-16T23:47:02.5162575+09:00,23041.147,0.232212,131448832,74616832,682,18
2026-08-16T23:48:02.5230949+09:00,23101.154,0.446998,131461120,74629120,682,18
2026-08-16T23:49:02.5214441+09:00,23161.152,0.438380,131383296,74567680,680,16
2026-08-16T23:50:02.5169349+09:00,23221.148,0.214860,131411968,74567680,680,16
2026-08-16T23:51:02.5137110+09:00,23281.145,0.219196,131354624,74407936,680,16
2026-08-16T23:52:02.5147821+09:00,23341.146,0.273433,131395584,74567680,680,16
2026-08-16T23:53:02.5191329+09:00,23401.150,0.366727,131436544,74567680,680,16
2026-08-16T23:54:02.5249852+09:00,23461.156,0.186614,131465216,74567680,680,16
2026-08-16T23:55:02.5189991+09:00,23521.150,0.399345,129929216,74432512,680,16
2026-08-16T23:56:02.5212299+09:00,23581.152,0.167094,131436544,75624448,682,18
2026-08-16T23:57:02.5197266+09:00,23641.151,0.221360,131444736,75624448,682,18
2026-08-16T23:58:02.5124203+09:00,23701.143,0.184484,131375104,75399168,680,16
2026-08-16T23:59:02.5207184+09:00,23761.152,0.247362,131387392,75517952,680,16
2026-08-17T00:00:02.5157487+09:00,23821.147,0.262609,131125248,75526144,680,16
2026-08-17T00:01:02.5203198+09:00,23881.151,0.249547,131133440,75517952,680,16
2026-08-17T00:02:02.5213811+09:00,23941.152,0.238711,130990080,74612736,682,18
2026-08-17T00:03:02.5199580+09:00,24001.151,0.212679,131018752,74661888,682,18
2026-08-17T00:04:02.5111965+09:00,24061.142,0.501375,130973696,74444800,680,16
2026-08-17T00:05:02.5180211+09:00,24121.149,0.206140,130985984,74452992,680,16
2026-08-17T00:06:02.5144764+09:00,24181.145,0.510013,131067904,74489856,683,17
2026-08-17T00:07:02.5116616+09:00,24241.142,0.136725,131072000,74563584,678,16
2026-08-17T00:08:02.5248340+09:00,24301.156,0.184421,131072000,74559488,678,16
2026-08-17T00:09:02.5119788+09:00,24361.143,0.293032,131072000,74559488,678,16
2026-08-17T00:10:02.5212507+09:00,24421.152,0.136698,131072000,74559488,678,16
2026-08-17T00:11:02.5206898+09:00,24481.152,0.151911,131911680,75165696,682,18
2026-08-17T00:12:02.5124318+09:00,24541.143,0.177976,131866624,75067392,680,16
2026-08-17T00:13:02.5221756+09:00,24601.153,0.321128,131866624,75067392,680,16
2026-08-17T00:14:02.5141477+09:00,24661.145,0.273474,131850240,74932224,680,16
2026-08-17T00:15:02.5236842+09:00,24721.155,0.342827,131850240,74932224,680,16
2026-08-17T00:16:02.5201234+09:00,24781.151,0.240900,131936256,75067392,678,16
2026-08-17T00:17:02.5158678+09:00,24841.147,0.206178,131952640,75067392,678,16
2026-08-17T00:18:02.5195999+09:00,24901.150,0.414471,131956736,75067392,678,16
2026-08-17T00:19:02.5250565+09:00,24961.156,0.273413,132902912,76271616,682,18
2026-08-17T00:20:02.5116132+09:00,25021.142,0.475367,132788224,75968512,680,16
2026-08-17T00:21:02.5130872+09:00,25081.144,0.269091,132882432,76173312,680,16
2026-08-17T00:22:02.5245440+09:00,25141.155,0.483849,132890624,76173312,680,16
2026-08-17T00:23:02.5166468+09:00,25201.147,0.468812,132882432,76173312,680,16
2026-08-17T00:24:02.5170344+09:00,25261.148,0.321178,132898816,76173312,680,16
2026-08-17T00:25:02.5197054+09:00,25321.151,0.301636,131588096,76173312,680,16
2026-08-17T00:26:02.5195556+09:00,25381.150,0.136719,133111808,76591104,682,18
2026-08-17T00:27:02.5218066+09:00,25441.153,0.284278,133439488,76595200,684,18
